case,num_tasks,dit_forward_s_mean,dit_forward_s_min,dit_forward_s_max,psnr_mean,ssim_mean,one_minus_lpips_mean,hpsv3_score_mean,speedup_vs_origin
origin_flash,9,37.960199610951044,37.92469267733395,38.10728928633034,inf,1.0,1.0,13.461328930324978,1.0
sage,9,32.71098378000574,32.70578423887491,32.715399344451725,32.91804815695502,0.9595349762174818,0.9824378125033237,13.466183450486925,1.1604725760083632
sparge,9,32.50154975698226,32.49556936323643,32.50996187888086,15.047661065137524,0.6442231171660953,0.6474382330973943,12.547615422142876,1.1679504483565777
torch_sdpa_math,9,79.1114989473588,79.05435102712363,79.13161920104176,39.85915861400341,0.987639844417572,0.996076982926752,13.421875423855251,0.4798316315079551
