case,num_tasks,psnr_mean,ssim_mean,one_minus_lpips_mean,hpsv3_score_mean
origin_flash,9,inf,1.0,1.0,13.461328930324978
sage,9,32.91804815695502,0.9595349762174818,0.9824378125033237,13.466183450486925
sparge,9,15.047661065137524,0.6442231171660953,0.6474382330973943,12.547615422142876
torch_sdpa_math,9,39.85915861400341,0.987639844417572,0.996076982926752,13.421875423855251
